tD,WeD,PD_>100,PD_Lee,PD_Fanchi,PD_Edw.,PD-used,,,Min.,Max.,Diff.,Mean,SD
0,0,#NUM!,#NUM!,#NUM!,0,0,,tD,0,2E+12,2E+12,1.81E+10,1.35E+11
0.01,0.112,-1.898050093,0.076815733,0.100856537,0.108011612,0.108011612,,WeD,0,1.42E+11,1.42E+11,1.34E+09,9.78E+09
0.05,0.278,-1.093331137,0.231437937,0.213537864,0.229967415,0.229967415,,PD,0,14.56661915,14.56661915,4.566805021,2.775188659
0.1,0.404,-0.746757546,0.311134269,0.308052605,0.314154593,0.314154593,,a1,0.8085064,a0,0.82092,,
0.15,0.52,-0.544024992,0.371226727,0.376170386,0.375084097,0.375084097,,a2,0.29302022,a1,-0.000368,,
0.2,0.606,-0.400183956,0.420647636,0.430242257,0.424201757,0.424201757,,a3,0.035264177,a2,0.28908,,
0.25,0.689,-0.288612181,0.46299627,0.47546465,0.465895793,0.465895793,,a4,-0.00140363,a3,0.02882,,
0.3,0.758,-0.197451402,0.500234047,0.514541188,0.502395932,0.502395932,,a5,-0.000477222,,,,
0.4,0.898,-0.053610366,0.56383033,0.580088422,0.56460219,0.56460219,,a6,5.12405E-07,,,,
0.5,1.02,0.05796141,0.617227378,0.634207669,0.616855545,0.616855545,,a7,-2.3033E-10,,,,
0.6,1.14,0.149122188,0.663473194,0.680550101,0.662202052,0.662202052,,a8,-0.002672312,,,,
0.7,1.251,0.226197528,0.70439193,0.721221202,0.702424821,0.702424821,,,,,,,
0.8,1.359,0.292963224,0.741170494,0.757554298,0.738669805,0.738669805,,,,,,,
0.9,1.469,0.351854742,0.774628422,0.790451108,0.771722738,0.771722738,,,,,,,
1,1.569,0.404535,0.805357378,0.820552,0.80214871,0.80214871,,,,,,,
2,2.447,0.75110859,1.025799323,1.034405643,1.022230388,1.022230388,,,,,,,
3,3.202,0.953841144,1.168805074,1.172187109,1.166322837,1.166322837,,,,,,,
4,3.893,1.097682181,1.276181468,1.275584597,1.274897108,1.274897108,,,,,,,
5,4.539,1.209253956,1.362689307,1.358988481,1.362471542,1.362471542,,,,,,,
6,5.153,1.300414735,1.435375958,1.429197613,1.436056122,1.436056122,,,,,,,
7,5.743,1.377490075,1.498187884,1.489996547,1.499608033,1.499608033,,,,,,,
8,6.314,1.444255771,1.553569723,1.543720864,1.555593032,1.555593032,,,,,,,
9,6.869,1.503147289,1.603145927,1.591918757,1.605656829,1.605656829,,,,,,,
10,7.411,1.555827546,1.6480534,1.635672002,1.650955042,1.650955042,,,,,,,
11,7.94,1.603482636,1.689120284,1.675767734,1.692331571,1.692331571,,,,,,,
12,8.457,1.646988325,1.726969298,1.712797428,1.730422204,1.730422204,,,,,,,
13,8.964,1.687009679,1.762080998,1.747217338,1.765718286,1.765718286,,,,,,,
14,9.461,1.724063665,1.794834303,1.779387145,1.798607657,1.798607657,,,,,,,
15,9.949,1.758560101,1.825533484,1.809595657,1.829401993,1.829401993,,,,,,,
16,10.434,1.790829361,1.854426711,1.838078442,1.858355628,1.858355628,,,,,,,
17,10.913,1.821141672,1.88171914,1.865030274,1.88567889,1.88567889,,,,,,,
18,11.386,1.849720879,1.907582392,1.890614121,1.911547747,1.911547747,,,,,,,
19,11.855,1.87675449,1.932161533,1.914967776,1.936110946,1.936110946,,,,,,,
20,12.319,1.902401137,1.955580324,1.938208835,1.959495373,1.959495373,,,,,,,
21,12.778,1.926796219,1.977945232,1.960438495,1.981810164,1.981810164,,,,,,,
22,13.233,1.950056227,1.999348527,1.981744495,2.003149875,2.003149875,,,,,,,
23,13.684,1.972282108,2.01987072,2.002203425,2.023596987,2.023596987,,,,,,,
24,14.131,1.993561915,2.039582496,2.021882555,2.043223878,2.043223878,,,,,,,
25,14.573,2.013972912,2.058546256,2.0408413,2.062094423,2.062094423,,,,,,,
26,15.013,2.033583269,2.076817377,2.059132411,2.080265274,2.080265274,,,,,,,
27,15.45,2.052453433,2.094445235,2.076802943,2.097786918,2.097786918,,,,,,,
28,15.883,2.070637255,2.111474045,2.093895054,2.114704541,2.114704541,,,,,,,
29,16.313,2.088182915,2.127943565,2.110446671,2.131058749,2.131058749,,,,,,,
30,16.742,2.105133691,2.143889675,2.126492038,2.146886167,2.146886167,,,,,,,
31,17.167,2.121528602,2.159344875,2.142062188,2.162219945,2.162219945,,,,,,,
32,17.59,2.137402951,2.174338693,2.157185331,2.177090188,2.177090188,,,,,,,
33,18.011,2.152788781,2.188898045,2.171887193,2.191524315,2.191524315,,,,,,,
34,18.429,2.167715262,2.203047532,2.186191299,2.205547373,2.205547373,,,,,,,
35,18.845,2.182209031,2.216809703,2.200119223,2.219182303,2.219182303,,,,,,,
36,19.259,2.196294469,2.230205276,2.213690797,2.232450171,2.232450171,,,,,,,
37,19.671,2.209993956,2.243253334,2.226924296,2.245370364,2.245370364,,,,,,,
38,20.08,2.22332808,2.255971493,2.2398366,2.257960769,2.257960769,,,,,,,
39,20.488,2.236315823,2.26837605,2.252443332,2.270237922,2.270237922,,,,,,,
40,20.894,2.248974727,2.280482114,2.26475898,2.282217141,2.282217141,,,,,,,
41,21.298,2.261321033,2.292303714,2.276797009,2.293912642,2.293912642,,,,,,,
42,21.701,2.273369809,2.303853908,2.288569953,2.305337646,2.305337646,,,,,,,
43,22.101,2.285135058,2.315144864,2.3000895,2.316504466,2.316504466,,,,,,,
44,22.5,2.296629817,2.326187944,2.311366567,2.327424589,2.327424589,,,,,,,
45,22.897,2.307866245,2.336993774,2.32241137,2.338108753,2.338108753,,,,,,,
46,23.291,2.318855698,2.347572303,2.333233479,2.348567003,2.348567003,,,,,,,
47,23.684,2.329608801,2.357932864,2.343841874,2.358808758,2.358808758,,,,,,,
48,24.076,2.340135505,2.368084222,2.354244993,2.368842856,2.368842856,,,,,,,
49,24.466,2.350445149,2.378034619,2.364450776,2.378677602,2.378677602,,,,,,,
50,24.855,2.360546503,2.387791816,2.3744667,2.388320812,2.388320812,,,,,,,
51,25.244,2.370447816,2.397363131,2.38429982,2.397779849,2.397779849,,,,,,,
52,25.633,2.380156859,2.406755469,2.393956796,2.40706166,2.40706166,,,,,,,
53,26.02,2.389680957,2.415975357,2.403443926,2.416172803,2.416172803,,,,,,,
54,26.406,2.399027023,2.425028966,2.412767167,2.425119477,2.425119477,,,,,,,
55,26.791,2.408201593,2.433922144,2.421932166,2.43390755,2.43390755,,,,,,,
56,27.174,2.417210845,2.442660429,2.430944275,2.442542579,2.442542579,,,,,,,
57,27.555,2.426060634,2.451249079,2.439808576,2.451029835,2.451029835,,,,,,,
58,27.935,2.434756505,2.459693085,2.448529896,2.459374317,2.459374317,,,,,,,
59,28.314,2.443303722,2.467997194,2.457112825,2.467580777,2.467580777,,,,,,,
60,28.691,2.451707281,2.476165918,2.465561732,2.475653732,2.475653732,,,,,,,
61,29.068,2.459971932,2.484203556,2.473880779,2.483597478,2.483597478,,,,,,,
62,29.443,2.468102193,2.492114204,2.482073934,2.49141611,2.49141611,,,,,,,
63,29.818,2.476102363,2.499901767,2.49014498,2.499113528,2.499113528,,,,,,,
64,30.192,2.483976542,2.507569973,2.498097533,2.506693453,2.506693453,,,,,,,
65,30.565,2.491728635,2.515122381,2.505935044,2.514159435,2.514159435,,,,,,,
66,30.937,2.499362371,2.522562395,2.513660814,2.521514868,2.521514868,,,,,,,
67,31.308,2.50688131,2.529893268,2.521278004,2.528762994,2.528762994,,,,,,,
68,31.679,2.514288853,2.537118116,2.528789636,2.535906913,2.535906913,,,,,,,
69,32.048,2.521588252,2.544239919,2.536198609,2.542949595,2.542949595,,,,,,,
70,32.417,2.528782621,2.551261538,2.543507699,2.549893883,2.549893883,,,,,,,
71,32.785,2.535874939,2.558185711,2.550719572,2.556742501,2.556742501,,,,,,,
72,33.151,2.54286806,2.565015069,2.557836784,2.563498061,2.563498061,,,,,,,
73,33.517,2.549764721,2.571752135,2.564861792,2.57016307,2.57016307,,,,,,,
74,33.883,2.556567547,2.578399335,2.571796955,2.576739935,2.576739935,,,,,,,
75,34.247,2.563279057,2.584958997,2.578644542,2.583230966,2.583230966,,,,,,,
76,34.611,2.56990167,2.591433363,2.585406735,2.589638385,2.589638385,,,,,,,
77,34.974,2.576437711,2.597824587,2.592085636,2.595964328,2.595964328,,,,,,,
78,35.336,2.582889413,2.604134745,2.598683266,2.60221085,2.60221085,,,,,,,
79,35.697,2.589258926,2.610365834,2.605201573,2.608379929,2.608379929,,,,,,,
80,36.058,2.595548317,2.616519779,2.611642437,2.614473468,2.614473468,,,,,,,
81,36.418,2.601759577,2.622598435,2.618007666,2.620493303,2.620493303,,,,,,,
82,36.777,2.607894624,2.628603593,2.62429901,2.626441203,2.626441203,,,,,,,
83,37.136,2.613955304,2.634536977,2.630518153,2.632318873,2.632318873,,,,,,,
84,37.494,2.619943399,2.640400255,2.636666723,2.638127958,2.638127958,,,,,,,
85,37.851,2.625860628,2.646195035,2.642746294,2.643870047,2.643870047,,,,,,,
86,38.207,2.631708648,2.651922872,2.648758384,2.649546672,2.649546672,,,,,,,
87,38.563,2.637489059,2.657585266,2.654704463,2.655159316,2.655159316,,,,,,,
88,38.919,2.643203407,2.663183672,2.660585952,2.660709408,2.660709408,,,,,,,
89,39.272,2.648853185,2.668719492,2.666404225,2.666198332,2.666198332,,,,,,,
90,39.626,2.654439835,2.674194085,2.672160613,2.671627428,2.671627428,,,,,,,
91,39.979,2.659964753,2.679608767,2.677856404,2.676997988,2.676997988,,,,,,,
92,40.331,2.665429289,2.68496481,2.683492845,2.682311266,2.682311266,,,,,,,
93,40.684,2.670834747,2.690263449,2.689071146,2.687568474,2.687568474,,,,,,,
94,41.034,2.676182391,2.695505877,2.694592478,2.692770787,2.692770787,,,,,,,
95,41.385,2.681473446,2.700693253,2.700057976,2.697919342,2.697919342,,,,,,,
96,41.735,2.686709096,2.705826699,2.705468744,2.703015243,2.703015243,,,,,,,
97,42.084,2.691890489,2.710907305,2.710825849,2.708059559,2.708059559,,,,,,,
98,42.433,2.697018739,2.715936127,2.716130329,2.713053325,2.713053325,,,,,,,
99,42.781,2.702094925,2.720914189,2.72138319,2.717997548,2.717997548,,,,,,,
100,43.129,2.707120093,2.725842487,2.726585412,2.722893204,2.722893204,,,,,,,
105,44.858,2.731515175,2.749770386,2.751869237,2.746675176,2.746675176,,,,,,,
110,46.574,2.754775183,2.772588089,2.776018806,2.769374076,2.769374076,,,,,,,
115,48.277,2.777001064,2.794392304,2.799129437,2.791084416,2.791084416,,,,,,,
120,49.968,2.798280871,2.815267714,2.821284738,2.811888814,2.811888814,,,,,,,
125,51.648,2.818691869,2.835288897,2.842558458,2.831859907,2.831859907,,,,,,,
130,53.317,2.838302225,2.854521873,2.863015996,2.851061903,2.851061903,,,,,,,
135,54.976,2.857172389,2.873025375,2.882715622,2.869551837,2.869551837,,,,,,,
140,56.625,2.875356211,2.890851878,2.901709487,2.887380601,2.887380601,,,,,,,
145,58.265,2.892901871,2.908048464,2.920044456,2.9045938,2.9045938,,,,,,,
150,59.895,2.909852647,2.924657537,2.937762802,2.921232459,2.921232459,,,,,,,
155,61.517,2.926247558,2.94071742,2.954902799,2.937333618,2.937333618,,,,,,,
160,63.131,2.942121908,2.956262867,2.971499205,2.952930834,2.952930834,,,,,,,
165,64.737,2.957507737,2.971325492,2.987583692,2.968054603,2.968054603,,,,,,,
170,66.336,2.972434219,2.985934132,3.003185198,2.982732724,2.982732724,,,,,,,
175,67.928,2.986927987,3.000115169,3.018330237,2.996990605,2.996990605,,,,,,,
180,69.512,3.001013425,3.013892795,3.033043167,3.010851535,3.010851535,,,,,,,
185,71.09,3.014712913,3.027289251,3.047346414,3.024336912,3.024336912,,,,,,,
190,72.661,3.028047036,3.040325029,3.061260678,3.037466439,3.037466439,,,,,,,
195,74.226,3.041034779,3.053019051,3.074805104,3.050258305,3.050258305,,,,,,,
200,75.785,3.053693683,3.065388825,3.087997435,3.062729331,3.062729331,,,,,,,
205,77.338,3.06603999,3.077450581,3.100854148,3.074895107,3.074895107,,,,,,,
210,78.886,3.078088765,3.08921939,3.113390574,3.086770111,3.086770111,,,,,,,
215,80.428,3.089854014,3.100709276,3.125620998,3.098367807,3.098367807,,,,,,,
220,81.965,3.101348773,3.111933305,3.137558757,3.109700744,3.109700744,,,,,,,
225,83.497,3.112585201,3.122903674,3.149216322,3.120780634,3.120780634,,,,,,,
230,85.023,3.123574654,3.133631783,3.16060537,3.131618424,3.131618424,,,,,,,
235,86.545,3.134327757,3.144128301,3.171736853,3.142224364,3.142224364,,,,,,,
240,88.062,3.144854462,3.154403231,3.182621055,3.152608065,3.152608065,,,,,,,
245,89.575,3.155164105,3.16446596,3.193267647,3.162778548,3.162778548,,,,,,,
250,91.084,3.165265459,3.17432531,3.203685736,3.172744294,3.172744294,,,,,,,
255,92.589,3.175166773,3.183989579,3.213883906,3.182513287,3.182513287,,,,,,,
260,94.09,3.184875816,3.193466584,3.223870259,3.19209305,3.19209305,,,,,,,
265,95.588,3.194399913,3.202763698,3.233652452,3.201490681,3.201490681,,,,,,,
270,97.081,3.203745979,3.211887876,3.243237725,3.210712884,3.210712884,,,,,,,
275,98.571,3.212920549,3.220845694,3.252632937,3.219766,3.219766,,,,,,,
280,100.057,3.221929802,3.229643369,3.261844587,3.22865603,3.22865603,,,,,,,
285,101.54,3.23077959,3.238286786,3.270878842,3.237388658,3.237388658,,,,,,,
290,103.019,3.239475461,3.246781522,3.279741559,3.245969278,3.245969278,,,,,,,
295,104.495,3.248022678,3.255132865,3.288438304,3.254403009,3.254403009,,,,,,,
300,105.968,3.256426237,3.263345836,3.296974375,3.262694713,3.262694713,,,,,,,
305,107.437,3.264690888,3.2714252,3.305354812,3.270849017,3.270849017,,,,,,,
310,108.904,3.272821149,3.279375489,3.313584423,3.278870322,3.278870322,,,,,,,
315,110.367,3.280821319,3.287201015,3.321667789,3.286762821,3.286762821,,,,,,,
320,111.827,3.288695498,3.294905881,3.329609285,3.294530513,3.294530513,,,,,,,
325,113.284,3.296447591,3.302493995,3.337413088,3.30217721,3.30217721,,,,,,,
330,114.738,3.304081327,3.309969084,3.345083192,3.309706552,3.309706552,,,,,,,
335,116.189,3.311600266,3.317334702,3.352623415,3.317122019,3.317122019,,,,,,,
340,117.638,3.319007809,3.324594239,3.360037413,3.324426936,3.324426936,,,,,,,
345,119.083,3.326307209,3.331750935,3.367328687,3.331624484,3.331624484,,,,,,,
350,120.526,3.333501577,3.338807886,3.374500592,3.338717708,3.338717708,,,,,,,
355,121.966,3.340593895,3.345768048,3.381556345,3.345709526,3.345709526,,,,,,,
360,123.403,3.347587016,3.352634253,3.388499033,3.352602735,3.352602735,,,,,,,
365,124.838,3.354483677,3.359409209,3.39533162,3.359400017,3.359400017,,,,,,,
370,126.72,3.361286503,3.366095509,3.402056952,3.366103944,3.366103944,,,,,,,
375,127.699,3.367998013,3.372695637,3.408677766,3.372716989,3.372716989,,,,,,,
380,129.126,3.374620626,3.379211974,3.415196692,3.379241525,3.379241525,,,,,,,
385,130.55,3.381156667,3.385646802,3.421616264,3.385679835,3.385679835,,,,,,,
390,131.972,3.38760837,3.392002311,3.427938917,3.392034113,3.392034113,,,,,,,
395,133.391,3.393977882,3.398280602,3.434166998,3.398306472,3.398306472,,,,,,,
400,134.808,3.400267274,3.404483693,3.44030277,3.404498943,3.404498943,,,,,,,
405,136.223,3.406478534,3.410613519,3.446348412,3.410613485,3.406478534,,,,,,,
410,137.635,3.41261358,3.416671942,3.452306027,3.416651986,3.41261358,,,,,,,
415,139.045,3.41867426,3.422660752,3.458177645,3.422616262,3.41867426,,,,,,,
420,140.453,3.424662356,3.428581666,3.463965222,3.42850807,3.424662356,,,,,,,
425,141.859,3.430579584,3.434436338,3.469670652,3.434329102,3.430579584,,,,,,,
430,143.262,3.436427604,3.440226361,3.47529576,3.440080992,3.436427604,,,,,,,
435,144.664,3.442208016,3.445953263,3.480842314,3.445765317,3.442208016,,,,,,,
440,146.064,3.447922363,3.451618519,3.48631202,3.451383602,3.447922363,,,,,,,
445,147.461,3.453572141,3.457223548,3.49170653,3.456937321,3.453572141,,,,,,,
450,148.856,3.459158791,3.462769717,3.497027443,3.462427897,3.459158791,,,,,,,
455,150.249,3.464683709,3.468258341,3.502276305,3.46785671,3.464683709,,,,,,,
460,151.64,3.470148245,3.473690689,3.507454614,3.473225091,3.470148245,,,,,,,
465,153.029,3.475553703,3.479067985,3.512563822,3.478534332,3.475553703,,,,,,,
470,154.416,3.480901347,3.484391407,3.517605335,3.483785681,3.480901347,,,,,,,
475,155.801,3.486192402,3.489662091,3.522580514,3.488980349,3.486192402,,,,,,,
480,157.184,3.491428052,3.494881135,3.527490683,3.494119509,3.491428052,,,,,,,
485,158.565,3.496609445,3.500049597,3.532337123,3.499204296,3.496609445,,,,,,,
490,159.945,3.501737696,3.505168496,3.537121078,3.504235814,3.501737696,,,,,,,
495,161.322,3.506813881,3.510238818,3.541843755,3.509215131,3.506813881,,,,,,,
500,162.698,3.511839049,3.515261513,3.546506326,3.514143283,3.511839049,,,,,,,
510,165.444,3.521740363,3.525167663,3.555655671,3.52385009,3.521740363,,,,,,,
520,168.183,3.531449406,3.534893916,3.564577835,3.53336394,3.531449406,,,,,,,
525,169.549,3.536234131,3.539691631,3.568956317,3.538050794,3.536234131,,,,,,,
530,170.914,3.540973503,3.544446775,3.57328106,3.542692102,3.540973503,,,,,,,
540,173.639,3.55031957,3.553832307,3.58177314,3.551841441,3.55031957,,,,,,,
550,176.357,3.559494139,3.563056176,3.590061455,3.560818448,3.559494139,,,,,,,
560,179.069,3.568503392,3.572123674,3.598152999,3.569629269,3.568503392,,,,,,,
570,181.774,3.57735318,3.581039744,3.606054405,3.578279724,3.57735318,,,,,,,
575,183.124,3.58172002,3.585442449,3.609935788,3.582546551,3.58172002,,,,,,,
580,184.473,3.586049052,3.589809004,3.613771974,3.586775335,3.586049052,,,,,,,
590,187.166,3.594596268,3.598435772,3.621311694,3.595121343,3.594596268,,,,,,,
600,189.852,3.602999828,3.606924081,3.628679259,3.603322727,3.602999828,,,,,,,
610,192.533,3.611264479,3.615277702,3.635880091,3.611384223,3.611264479,,,,,,,
620,195.208,3.619394739,3.623500159,3.642919358,3.619310338,3.619394739,,,,,,,
625,196.544,3.623410825,3.627563238,3.646379953,3.623223976,3.623410825,,,,,,,
630,197.878,3.62739491,3.631594743,3.649801986,3.627105363,3.62739491,,,,,,,
640,200.542,3.635269088,3.63956453,3.656532676,3.634773392,3.635269088,,,,,,,
650,203.201,3.643021181,3.647412392,3.663115919,3.642318327,3.643021181,,,,,,,
660,205.854,3.650654918,3.655141008,3.669556004,3.649743895,3.650654918,,,,,,,
670,208.502,3.658173856,3.662752877,3.675857035,3.657053657,3.658173856,,,,,,,
675,209.825,3.661891345,3.666515767,3.67895664,3.66066618,3.661891345,,,,,,,
680,211.145,3.665581399,3.670250331,3.682022941,3.664251016,3.665581399,,,,,,,
690,213.784,3.672880799,3.67763554,3.688057481,3.671339229,3.672880799,,,,,,,
700,216.417,3.680075168,3.684910522,3.693964259,3.678321411,3.680075168,,,,,,,
710,219.046,3.687167485,3.692077156,3.69974673,3.68520055,3.687167485,,,,,,,
720,221.67,3.694160606,3.699137185,3.705408211,3.691979507,3.694160606,,,,,,,
725,222.98,3.697620827,3.702627731,3.708194579,3.695332279,3.697620827,,,,,,,
730,224.289,3.701057267,3.706092223,3.710951882,3.698661026,3.701057267,,,,,,,
740,226.904,3.707860093,3.712943766,3.716380801,3.705247741,3.707860093,,,,,,,
750,229.514,3.714571603,3.719693196,3.721697905,3.71174218,3.714571603,,,,,,,
760,232.12,3.721194217,3.726341786,3.726906018,3.718146772,3.721194217,,,,,,,
770,234.721,3.727730257,3.732890706,3.732007858,3.724463853,3.727730257,,,,,,,
775,236.02,3.730966515,3.736128129,3.734519747,3.727590281,3.730966515,,,,,,,
780,237.318,3.73418196,3.739341031,3.737006041,3.730695667,3.73418196,,,,,,,
790,239.912,3.740551473,3.745693741,3.741903085,3.736844375,3.740551473,,,,,,,
800,242.501,3.746840864,3.751949731,3.746701417,3.742912056,3.746840864,,,,,,,
810,245.086,3.753052124,3.75810981,3.751403376,3.748900713,3.753052124,,,,,,,
820,247.668,3.75918717,3.764174709,3.756011218,3.754812276,3.75918717,,,,,,,
825,248.957,3.762226693,3.767171673,3.758280529,3.757739731,3.762226693,,,,,,,
830,250.245,3.76524785,3.770145083,3.76052712,3.760648605,3.76524785,,,,,,,
840,252.819,3.771235946,3.776021516,3.764953183,3.766411494,3.771235946,,,,,,,
850,255.388,3.777153175,3.781804522,3.769291434,3.772102675,3.777153175,,,,,,,
860,257.953,3.783001195,3.787494549,3.773543835,3.777723817,3.783001195,,,,,,,
870,260.515,3.788781606,3.793091984,3.777712278,3.783276534,3.788781606,,,,,,,
875,261.795,3.791646943,3.795856084,3.77976559,3.786027722,3.791646943,,,,,,,
880,263.073,3.794495954,3.798597154,3.781798595,3.788762385,3.794495954,,,,,,,
890,265.629,3.800145731,3.804010329,3.785804556,3.794182875,3.800145731,,,,,,,
900,268.181,3.805732382,3.809331723,3.789731876,3.799539462,3.805732382,,,,,,,
910,270.729,3.8112573,3.8145615,3.793582212,3.804833553,3.8112573,,,,,,,
920,273.274,3.816721835,3.819699772,3.797357171,3.81006651,3.816721835,,,,,,,
925,274.545,3.819431869,3.822234617,3.799216871,3.812660478,3.819431869,,,,,,,
930,275.815,3.822127293,3.824746606,3.801058307,3.815239653,3.822127293,,,,,,,
940,278.353,3.827474938,3.829702021,3.804687128,3.820354259,3.827474938,,,,,,,
950,280.888,3.832765992,3.834565993,3.808245095,3.825411563,3.832765992,,,,,,,
960,283.42,3.838001642,3.839338455,3.811733624,3.830412764,3.838001642,,,,,,,
970,285.948,3.843183036,3.844019301,3.815154089,3.835359023,3.843183036,,,,,,,
975,287.211,3.845753735,3.846325325,3.816839215,3.837811903,3.845753735,,,,,,,
980,288.473,3.848311286,3.848608387,3.818507821,3.840251466,3.848311286,,,,,,,
990,290.995,3.853387472,3.853105529,3.821796116,3.845091184,3.853387472,,,,,,,
1000,293.514,3.858412639,3.85751051,3.825020228,3.849879237,3.858412639,,,,,,,
1010,296.03,3.863387805,3.861823078,3.828181377,3.854616652,3.863387805,,,,,,,
1020,298.543,3.868313953,3.866042948,3.831280747,3.859304427,3.868313953,,,,,,,
1025,299.799,3.870758946,3.868118023,3.832807626,3.861630002,3.870758946,,,,,,,
1030,301.053,3.873192041,3.870169803,3.834319489,3.863943529,3.873192041,,,,,,,
1040,303.56,3.878022996,3.874203296,3.837298722,3.868534901,3.878022996,,,,,,,
1050,306.065,3.882807722,3.878143051,3.840219533,3.873079456,3.882807722,,,,,,,
1060,308.567,3.887547094,3.881988663,3.84308298,3.877578082,3.887547094,,,,,,,
1070,311.066,3.892241964,3.8857397,3.845890091,3.882031643,3.892241964,,,,,,,
1075,312.314,3.89457297,3.887579612,3.847272834,3.884241786,3.89457297,,,,,,,
1080,313.562,3.89689316,3.889395706,3.848641867,3.886440977,3.89689316,,,,,,,
1090,316.055,3.901501488,3.892956196,3.851339282,3.890806901,3.901501488,,,,,,,
1100,318.545,3.906067729,3.896420663,3.853983285,3.89513021,3.906067729,,,,,,,
1110,321.032,3.910592647,3.899788577,3.856574798,3.899411675,3.910592647,,,,,,,
1120,323.517,3.915076982,3.903059385,3.859114722,3.90365205,3.915076982,,,,,,,
1125,324.76,3.917304157,3.904658195,3.860365612,3.905757058,3.917304157,,,,,,,
1130,326,3.919521456,3.906232511,3.861603931,3.907852066,3.919521456,,,,,,,
1140,328.48,3.923926771,3.90930736,3.864043279,3.912012437,3.923926771,,,,,,,
1150,330.958,3.928293611,3.912283315,3.866433599,3.916133856,3.928293611,,,,,,,
1160,333.433,3.932622642,3.91515974,3.868775701,3.920217001,3.932622642,,,,,,,
1170,335.906,3.936914514,3.917935979,3.871070376,3.92426253,3.936914514,,,,,,,
1175,337.142,3.939046713,3.91928632,3.87220017,3.92627139,3.939046713,,,,,,,
1180,338.376,3.941169859,3.920611361,3.873318394,3.928271086,3.941169859,,,,,,,
1190,340.843,3.945389293,3.923185194,3.875520509,3.932243295,3.945389293,,,,,,,
1200,343.308,3.949573418,3.925656769,3.877677454,3.936179768,3.949573418,,,,,,,
1210,345.77,3.953722819,3.928025363,3.879789945,3.9400811,3.953722819,,,,,,,
1220,348.23,3.957838069,3.930290235,3.881858682,3.943947873,3.957838069,,,,,,,
1225,349.46,3.959883061,3.931383539,3.882876857,3.945868477,3.959883061,,,,,,,
1230,350.688,3.961919724,3.932450628,3.883884347,3.947780653,3.961919724,,,,,,,
1240,353.144,3.965968329,3.934505772,3.885867606,3.951579994,3.965968329,,,,,,,
1250,355.597,3.969984415,3.936454881,3.88780911,3.955346435,3.969984415,,,,,,,
1260,358.048,3.9739685,3.938297156,3.889709496,3.959080503,3.9739685,,,,,,,
1270,360.496,3.97792109,3.940031782,3.891569383,3.962782714,3.97792109,,,,,,,
1275,361.72,3.979885729,3.940858469,3.89248433,3.96462203,3.979885729,,,,,,,
1280,362.942,3.981842678,3.941657934,3.89338938,3.966453569,3.981842678,,,,,,,
1290,365.386,3.985733749,3.943174772,3.895170079,3.970093559,3.985733749,,,,,,,
1300,367.828,3.989594772,3.944581445,3.896912061,3.973703164,3.989594772,,,,,,,
1310,370.267,3.993426208,3.945877088,3.898615892,3.977282854,3.993426208,,,,,,,
1320,372.704,3.997228508,3.947060828,3.900282127,3.980833085,3.997228508,,,,,,,
1325,373.922,3.999118869,3.947610456,3.901101316,3.982597294,3.999118869,,,,,,,
1330,375.139,4.001002111,3.948131776,3.901911309,3.984354305,4.001002111,,,,,,,
1340,377.572,4.004747446,3.949089035,3.903503967,3.987846953,4.004747446,,,,,,,
1350,380.003,4.008464936,3.949931697,3.905060622,3.991311456,4.008464936,,,,,,,
1360,382.432,4.012154989,3.950658842,3.90658178,3.994748232,4.012154989,,,,,,,
1370,384.859,4.015818009,3.951269544,3.908067939,3.998157691,4.015818009,,,,,,,
1375,386.07,4.017639505,3.951530935,3.908798046,3.999852303,4.017639505,,,,,,,
1380,387.283,4.019454389,3.951762862,3.909519586,4.001540234,4.019454389,,,,,,,
1390,389.705,4.023064513,3.952137849,3.910937196,4.004896252,4.023064513,,,,,,,
1400,392.125,4.026648758,3.952393548,3.912321237,4.008226129,4.026648758,,,,,,,
1410,394.543,4.030207492,3.952528992,3.913672165,4.01153024,4.030207492,,,,,,,
1420,396.959,4.033741075,3.952543207,3.914990428,4.014808953,4.033741075,,,,,,,
1425,398.167,4.035498546,3.952504547,3.915637447,4.016438898,4.035498546,,,,,,,
1430,399.373,4.037249862,3.95243521,3.916276463,4.018062627,4.037249862,,,,,,,
1440,401.786,4.040734196,3.952204008,3.9175307,4.021291614,4.040734196,,,,,,,
1450,404.197,4.044194418,3.951848603,3.918753561,4.024496259,4.044194418,,,,,,,
1460,406.606,4.047630857,3.951367986,3.919945456,4.027676901,4.047630857,,,,,,,
1470,409.013,4.05104384,3.950761144,3.921106791,4.03083387,4.05104384,,,,,,,
1475,410.214,4.052741634,3.950410069,3.921676122,4.032403578,4.052741634,,,,,,,
1480,411.418,4.054433683,3.950027054,3.922237962,4.03396749,4.054433683,,,,,,,
1490,413.82,4.057800699,3.949164686,3.923339356,4.037078078,4.057800699,,,,,,,
1500,416.22,4.061145194,3.948173004,3.924411355,4.040165948,4.061145194,,,,,,,
1525,422.214,4.069409845,3.945121188,3.926965183,4.04778821,4.069409845,,,,,,,
1550,428.196,4.077540105,3.941238143,3.92934325,4.055274973,4.077540105,,,,,,,
1575,434.168,4.085540276,3.936507149,3.931550936,4.062630621,4.085540276,,,,,,,
1600,440.128,4.093414454,3.930911257,3.933593375,4.069859334,4.093414454,,,,,,,
1625,446.077,4.101166547,3.924433307,3.935475471,4.076965098,4.101166547,,,,,,,
1650,452.016,4.108800283,3.917055935,3.937201907,4.083951717,4.108800283,,,,,,,
1675,457.945,4.116319222,3.908761592,3.938777164,4.090822822,4.116319222,,,,,,,
1700,463.863,4.123726765,3.899532549,3.940205529,4.097581885,4.123726765,,,,,,,
1725,469.771,4.131026165,3.889350911,3.941491104,4.104232225,4.131026165,,,,,,,
1750,475.669,4.138220533,3.878198624,3.942637823,4.110777018,4.138220533,,,,,,,
1775,481.558,4.145312851,3.866057487,3.943649457,4.117219305,4.145312851,,,,,,,
1800,487.437,4.152305972,3.852909156,3.94452962,4.123561999,4.152305972,,,,,,,
1825,493.307,4.159202633,3.838735157,3.945281786,4.129807894,4.159202633,,,,,,,
1850,499.167,4.166005459,3.823516886,3.945909287,4.135959669,4.166005459,,,,,,,
1875,505.019,4.172716969,3.807235624,3.946415328,4.142019894,4.172716969,,,,,,,
1900,510.861,4.179339583,3.789872537,3.946802988,4.14799104,4.179339583,,,,,,,
1925,516.695,4.185875623,3.771408685,3.94707523,4.153875478,4.185875623,,,,,,,
1950,522.52,4.192327326,3.751825025,3.947234906,4.159675488,4.192327326,,,,,,,
1975,528.337,4.198696839,3.73110242,3.947284761,4.165393263,4.198696839,,,,,,,
2000,534.145,4.20498623,3.709221638,3.947227442,4.171030914,4.20498623,,,,,,,
2025,539.945,4.21119749,3.686163362,3.947065496,4.176590472,4.21119749,,,,,,,
2050,545.737,4.217332536,3.661908193,3.946801383,4.182073894,4.217332536,,,,,,,
2075,551.522,4.223393216,3.636436652,3.946437475,4.187483064,4.223393216,,,,,,,
2100,557.299,4.229381312,3.609729184,3.94597606,4.192819799,4.229381312,,,,,,,
2125,563.068,4.235298541,3.581766163,3.945419349,4.198085854,4.235298541,,,,,,,
2150,568.83,4.241146561,3.552527896,3.944769475,4.203282918,4.241146561,,,,,,,
2175,574.585,4.246926972,3.521994624,3.944028503,4.208412623,4.246926972,,,,,,,
2200,580.332,4.25264132,3.490146523,3.943198426,4.213476546,4.25264132,,,,,,,
2225,586.072,4.258291097,3.456963715,3.942281174,4.21847621,4.258291097,,,,,,,
2250,591.806,4.263877748,3.422426261,3.941278611,4.223413084,4.263877748,,,,,,,
2275,597.532,4.269402666,3.386514169,3.940192545,4.228288592,4.269402666,,,,,,,
2300,603.252,4.274867201,3.349207395,3.939024722,4.233104109,4.274867201,,,,,,,
2325,608.965,4.280272659,3.310485845,3.937776837,4.237860966,4.280272659,,,,,,,
2350,614.672,4.285620304,3.270329378,3.93645053,4.24256045,4.285620304,,,,,,,
2375,620.372,4.290911358,3.228717807,3.935047391,4.247203808,4.290911358,,,,,,,
2400,626.066,4.296147008,3.185630902,3.933568962,4.251792247,4.296147008,,,,,,,
2425,631.755,4.301328402,3.141048389,3.932016737,4.256326937,4.301328402,,,,,,,
2450,637.437,4.306456652,3.094949955,3.930392166,4.260809011,4.306456652,,,,,,,
2475,643.113,4.311532838,3.04731525,3.928696658,4.265239567,4.311532838,,,,,,,
2500,648.781,4.316558005,2.998123885,3.926931579,4.269619672,4.316558005,,,,,,,
2550,660.093,4.326459319,2.894989441,3.923197974,4.278232628,4.326459319,,,,,,,
2600,671.379,4.336168362,2.785382828,3.919201515,4.286655785,4.336168362,,,,,,,
2650,682.64,4.345692459,2.669139743,3.914951803,4.294896591,4.345692459,,,,,,,
2700,693.877,4.355038526,2.546095415,3.910457915,4.302962077,4.355038526,,,,,,,
2750,705.09,4.364213095,2.416084634,3.905728443,4.310858881,4.364213095,,,,,,,
2800,716.28,4.373222348,2.278941792,3.900771527,4.318593281,4.373222348,,,,,,,
2850,727.449,4.382072137,2.134500902,3.895594888,4.326171218,4.382072137,,,,,,,
2900,738.598,4.390768008,1.982595627,3.890205854,4.333598321,4.390768008,,,,,,,
2950,749.725,4.399315225,1.823059306,3.88461139,4.340879927,4.399315225,,,,,,,
3000,760.833,4.407718784,1.655724974,3.878818118,4.348021101,4.407718784,,,,,,,
3050,771.922,4.415983435,1.48042538,3.872832341,4.355026654,4.415983435,,,,,,,
3100,782.992,4.424113695,1.296993008,3.866660064,4.361901162,4.424113695,,,,,,,
3150,794.042,4.432113866,1.105260093,3.860307012,4.368648977,4.432113866,,,,,,,
3200,805.075,4.439988044,0.905058638,3.853778645,4.375274242,4.439988044,,,,,,,
3250,816.09,4.447740138,0.696220424,3.84708018,4.381780906,4.447740138,,,,,,,
3300,827.088,4.455373874,0.47857703,3.840216598,4.388172737,4.455373874,,,,,,,
3350,838.067,4.462892812,0.251959839,3.833192663,4.394453328,4.462892812,,,,,,,
3400,849.028,4.470300355,0.016200051,3.826012935,4.400626111,4.470300355,,,,,,,
3450,859.974,4.477599755,-0.228871302,3.818681776,4.406694366,4.477599755,,,,,,,
3500,870.903,4.484794124,-0.483423353,3.811203368,4.412661229,4.484794124,,,,,,,
3550,881.816,4.491886441,-0.747625385,3.80358172,4.418529701,4.491886441,,,,,,,
3600,892.712,4.498879562,-1.021646829,3.795820676,4.424302655,4.498879562,,,,,,,
3650,903.594,4.505776223,-1.305657247,3.787923927,4.429982844,4.505776223,,,,,,,
3700,914.459,4.512579049,-1.599826335,3.779895015,4.435572905,4.512579049,,,,,,,
3750,925.309,4.519290559,-1.904323907,3.771737345,4.44107537,4.519290559,,,,,,,
3800,936.144,4.525913173,-2.219319895,3.763454192,4.446492666,4.525913173,,,,,,,
3850,946.966,4.532449214,-2.54498434,3.755048703,4.451827125,4.532449214,,,,,,,
3900,957.773,4.538900916,-2.881487387,3.746523909,4.457080987,4.538900916,,,,,,,
3950,968.566,4.545270429,-3.228999278,3.737882726,4.462256403,4.545270429,,,,,,,
4000,979.344,4.55155982,-3.587690352,3.729127967,4.467355444,4.55155982,,,,,,,
4050,990.108,4.55777108,-3.957731035,3.720262338,4.4723801,4.55777108,,,,,,,
4100,1000.858,4.563906126,-4.339291838,3.711288453,4.47733229,4.563906126,,,,,,,
4150,1011.595,4.569966807,-4.732543354,3.702208829,4.482213857,4.569966807,,,,,,,
4200,1022.318,4.575954902,-5.13765625,3.693025899,4.487026581,4.575954902,,,,,,,
4250,1033.028,4.581872131,-5.55480127,3.68374201,4.491772175,4.581872131,,,,,,,
4300,1043.724,4.587720151,-5.984149226,3.674359428,4.496452291,4.587720151,,,,,,,
4350,1054.409,4.593500562,-6.425870995,3.664880346,4.501068523,4.593500562,,,,,,,
4400,1065.082,4.59921491,-6.880137521,3.65530688,4.50562241,4.59921491,,,,,,,
4450,1075.743,4.604864688,-7.347119806,3.645641078,4.510115435,4.604864688,,,,,,,
4500,1086.39,4.610451338,-7.826988911,3.635884923,4.514549034,4.610451338,,,,,,,
4550,1097.024,4.615976256,-8.319915954,3.62604033,4.518924591,4.615976256,,,,,,,
4600,1107.646,4.621440791,-8.826072103,3.616109157,4.523243446,4.621440791,,,,,,,
4650,1118.257,4.626846249,-9.345628581,3.6060932,4.527506894,4.626846249,,,,,,,
4700,1128.854,4.632193894,-9.878756655,3.595994202,4.531716185,4.632193894,,,,,,,
4750,1139.439,4.637484949,-10.42562764,3.58581385,4.535872533,4.637484949,,,,,,,
4800,1150.012,4.642720598,-10.9864129,3.575553781,4.539977109,4.642720598,,,,,,,
4850,1160.574,4.647901992,-11.56128384,3.56521558,4.544031049,4.647901992,,,,,,,
4900,1171.125,4.653030242,-12.15041189,3.554800788,4.548035453,4.653030242,,,,,,,
4950,1181.666,4.658106428,-12.75396856,3.544310898,4.551991385,4.658106428,,,,,,,
5000,1192.198,4.663131596,-13.37212535,3.533747359,4.555899877,4.663131596,,,,,,,
5100,1213.222,4.673032909,-14.65292557,3.512404928,4.563578517,4.673032909,,,,,,,
5200,1234.203,4.682741952,-15.99418545,3.49078428,4.57107902,4.682741952,,,,,,,
5300,1255.141,4.69226605,-17.39727837,3.468895601,4.578408589,4.69226605,,,,,,,
5400,1276.037,4.701612116,-18.8635782,3.44674852,4.585574009,4.701612116,,,,,,,
5500,1296.893,4.710786686,-20.39445927,3.424352151,4.592581682,4.710786686,,,,,,,
5600,1317.709,4.719795938,-21.99129629,3.401715129,4.599437657,4.719795938,,,,,,,
5700,1338.486,4.728645727,-23.65546438,3.378845641,4.60614765,4.728645727,,,,,,,
5800,1359.225,4.737341598,-25.38833901,3.35575146,4.612717072,4.737341598,,,,,,,
5900,1379.927,4.745888815,-27.19129597,3.332439969,4.619151047,4.745888815,,,,,,,
6000,1400.593,4.754292374,-29.06571138,3.308918192,4.625454436,4.754292374,,,,,,,
6100,1421.224,4.762557025,-31.01296163,3.28519281,4.631631847,4.762557025,,,,,,,
6200,1441.82,4.770687286,-33.03442339,3.26127019,4.637687661,4.770687286,,,,,,,
6300,1462.383,4.778687456,-35.13147359,3.237156399,4.64362604,4.778687456,,,,,,,
6400,1482.912,4.786561635,-37.30548938,3.212857227,4.649450942,4.786561635,,,,,,,
6500,1503.408,4.794313728,-39.55784815,3.188378201,4.655166138,4.794313728,,,,,,,
6600,1523.872,4.801947464,-41.88992749,3.1637246,4.660775218,4.801947464,,,,,,,
6700,1544.305,4.809466403,-44.3031052,3.138901474,4.666281606,4.809466403,,,,,,,
6800,1564.706,4.816873946,-46.79875924,3.113913652,4.671688568,4.816873946,,,,,,,
6900,1585.077,4.824173345,-49.37826777,3.088765759,4.676999223,4.824173345,,,,,,,
7000,1605.418,4.831367714,-52.04300911,3.063462225,4.682216549,4.831367714,,,,,,,
7100,1625.729,4.838460032,-54.79436172,3.038007296,4.687343395,4.838460032,,,,,,,
7200,1646.011,4.845453153,-57.63370422,3.012405044,4.692382485,4.845453153,,,,,,,
7300,1666.265,4.852349814,-60.56241536,2.986659379,4.697336426,4.852349814,,,,,,,
7400,1686.49,4.85915264,-63.58187404,2.960774054,4.702207716,4.85915264,,,,,,,
7500,1706.688,4.86586415,-66.69345925,2.934752674,4.706998746,4.86586415,,,,,,,
7600,1726.859,4.872486763,-69.89855014,2.908598708,4.711711812,4.872486763,,,,,,,
7700,1747.002,4.879022804,-73.19852593,2.882315488,4.716349113,4.879022804,,,,,,,
7800,1767.12,4.885474506,-76.59476598,2.855906223,4.720912763,4.885474506,,,,,,,
7900,1787.212,4.891844019,-80.08864972,2.829374003,4.725404789,4.891844019,,,,,,,
8000,1807.278,4.89813341,-83.68155671,2.802721804,4.729827142,4.89813341,,,,,,,
8100,1827.319,4.90434467,-87.37486656,2.775952492,4.734181693,4.90434467,,,,,,,
8200,1847.336,4.910479717,-91.169959,2.749068834,4.738470245,4.910479717,,,,,,,
8300,1867.329,4.916540397,-95.06821383,2.722073495,4.742694531,4.916540397,,,,,,,
8400,1887.298,4.922528492,-99.07101092,2.69496905,4.746856221,4.922528492,,,,,,,
8500,1907.243,4.928445721,-103.1797302,2.667757982,4.75095692,4.928445721,,,,,,,
8600,1927.166,4.934293741,-107.3957518,2.640442693,4.754998178,4.934293741,,,,,,,
8700,1947.065,4.940074152,-111.7204556,2.6130255,4.758981486,4.940074152,,,,,,,
8800,1966.942,4.9457885,-116.155222,2.585508645,4.762908284,4.9457885,,,,,,,
8900,1986.796,4.951438278,-120.7014311,2.557894294,4.766779959,4.951438278,,,,,,,
9000,2006.628,4.957024928,-125.3604631,2.530184546,4.770597852,4.957024928,,,,,,,
9100,2026.438,4.962549846,-130.1336984,2.502381427,4.774363255,4.962549846,,,,,,,
9200,2046.227,4.968014382,-135.0225174,2.474486903,4.778077418,4.968014382,,,,,,,
9300,2065.996,4.97341984,-140.0283006,2.446502875,4.781741547,4.97341984,,,,,,,
9400,2085.744,4.978767484,-145.1524284,2.418431186,4.785356808,4.978767484,,,,,,,
9500,2105.473,4.984058539,-150.3962813,2.390273621,4.788924329,4.984058539,,,,,,,
9600,2125.184,4.989294189,-155.76124,2.362031911,4.792445201,4.989294189,,,,,,,
9700,2144.878,4.994475582,-161.248685,2.333707735,4.795920478,4.994475582,,,,,,,
9800,2164.555,4.999603832,-166.859997,2.305302721,4.799351181,4.999603832,,,,,,,
9900,2184.216,5.004680018,-172.5965567,2.276818449,4.802738299,5.004680018,,,,,,,
10000,2203.861,5.009705186,-178.4597449,2.248256451,4.80608279,5.009705186,,,,,,,
12500,2688.967,5.121276962,-370.2330074,1.51266117,4.878128468,5.121276962,,,,,,,
15000,3164.78,5.21243774,-663.5926582,0.745461315,4.93383866,5.21243774,,,,,,,
17000,3633.368,5.275019312,-985.9282218,0.115467267,4.970439458,5.275019312,,,,,,,
20000,4095.8,5.356278776,-1641.417952,-0.849541145,5.015976425,5.356278776,,,,,,,
25000,5005.726,5.467850552,-3284.651661,-2.496221171,5.074881397,5.467850552,,,,,,,
30000,5899.508,5.55901133,-5766.027336,-4.176136732,5.119957371,5.55901133,,,,,,,
35000,6780.247,5.63608667,-9258.285102,-5.879292448,5.15597631,5.63608667,,,,,,,
40000,7650.096,5.702852367,-13934.16811,-7.599645429,5.185664523,5.702852367,,,,,,,
50000,9363.099,5.814424142,-27527.78975,-11.0774102,5.232235814,5.814424142,,,,,,,
60000,11047.299,5.905584921,-47928.85927,-14.59004147,5.267564,5.905584921,,,,,,,
70000,12708.358,5.982660261,-76519.35022,-18.1270384,5.295601313,5.982660261,,,,,,,
75000,13531.457,6.017156696,-94317.49635,-19.90259115,5.307623718,6.017156696,,,,,,,
80000,14350.121,6.049425957,-114681.2392,-21.6820564,5.318582564,6.049425957,,,,,,,
90000,15975.387,6.108317475,-163796.5044,-25.25096138,5.337882319,6.108317475,,,,,,,
100000,17586.284,6.160997732,-225247.1248,-28.83090592,5.354400066,6.160997732,,,,,,,
125000,21560.732,6.272569508,-441910.0973,-37.81688536,5.387153637,6.272569508,,,,,,,
150000,25380,6.363730287,-765899.8537,-46.83988732,5.411780282,6.363730287,,,,,,,
200000,33080,6.507571323,-1822233.505,-64.95670832,5.447012481,6.507571323,,,,,,,
250000,40660,6.619143098,-3566995.676,-83.13377251,5.471514518,6.619143098,,,,,,,
300000,48170,6.710303877,-6172933.981,-101.3494902,5.489846174,6.710303877,,,,,,,
400000,62670,6.854144913,-14659329.47,-137.8548174,5.515937317,6.854144913,,,,,,,
500000,76990,6.965716689,-28663400.98,-174.4229664,5.533988814,6.965716689,,,,,,,
600000,91130,7.056877467,-49567129.49,-211.0313997,5.547444408,7.056877467,,,,,,,
700000,105100,7.133952807,-78752496.04,-247.6679376,5.557979737,7.133952807,,,,,,,
800000,118900,7.200718503,-117601481.6,-284.3252332,5.566521992,7.200718503,,,,,,,
900000,132600,7.259610021,-167496067.3,-320.9985059,5.573631736,7.259610021,,,,,,,
1000000,146200,7.312290279,-229818234,-357.6844669,5.579670645,7.312290279,,,,,,,
1500000,212600,7.515022833,-776212119.5,-541.2396345,5.60032465,7.515022833,,,,,,,
2000000,278100,7.658863869,-1840592685,-724.9182741,5.612761659,7.658863869,,,,,,,
2500000,342700,7.770435645,-3595707558,-908.6657224,5.621303326,7.770435645,,,,,,,
3000000,406400,7.861596423,-6214304365,-1092.457242,5.627637002,7.861596423,,,,,,,
4000000,531300,8.00543746,-14732934295,-1460.124388,5.636568593,8.00543746,,,,,,,
5000000,654400,8.117009235,-28778463495,-1827.862921,5.642691573,8.117009235,,,,,,,
6000000,776100,8.208170014,-49732872983,-2195.647157,5.647225912,8.208170014,,,,,,,
7000000,896500,8.285245354,-78978143781,-2563.463235,5.650758567,8.285245354,,,,,,,
8000000,1016000,8.35201105,-1.17896E+11,-2931.302809,5.653611633,8.35201105,,,,,,,
9000000,1134000,8.410902568,-1.67869E+11,-3299.160449,5.65597858,8.410902568,,,,,,,
10000000,1252000,8.463582825,-2.30279E+11,-3667.032426,5.657983579,8.463582825,,,,,,,
15000000,1828000,8.66631538,-7.77249E+11,-5506.53378,5.664803367,8.66631538,,,,,,,
20000000,2398000,8.810156416,-1.84244E+12,-7346.174238,5.668882078,8.810156416,,,,,,,
25000000,2961000,8.921728191,-3.59859E+12,-9185.892071,5.671671259,8.921728191,,,,,,,
30000000,3517000,9.01288897,-6.21845E+12,-11025.65939,5.673733138,9.01288897,,,,,,,
40000000,4610000,9.156730006,-1.47403E+13,-14705.28836,5.676631658,9.156730006,,,,,,,
50000000,5689000,9.268301782,-2.879E+13,-18384.99727,5.678612593,9.268301782,,,,,,,
60000000,6758000,9.35946256,-4.97495E+13,-22064.75731,5.680076365,9.35946256,,,,,,,
70000000,7816000,9.4365379,-7.90007E+13,-25744.55293,5.681214892,9.4365379,,,,,,,
80000000,8866000,9.503303596,-1.17926E+14,-29424.37478,5.682133196,9.503303596,,,,,,,
90000000,9911000,9.562195114,-1.67907E+14,-33104.21679,5.682894222,9.562195114,,,,,,,
100000000,10950000,9.614875372,-2.30325E+14,-36784.07478,5.683538298,9.614875372,,,,,,,
150000000,16040000,9.817607926,-7.77353E+14,-55183.52232,5.685725105,9.817607926,,,,,,,
200000000,21080000,9.961448962,-1.84262E+15,-73583.1246,5.68703006,9.961448962,,,,,,,
250000000,26070000,10.07302074,-3.59888E+15,-91982.81282,5.687921189,10.07302074,,,,,,,
300000000,31000000,10.16418152,-6.21887E+15,-110382.5559,5.688579296,10.16418152,,,,,,,
400000000,40710000,10.30802255,-1.4741E+16,-147182.1467,5.689503506,10.30802255,,,,,,,
500000000,50320000,10.41959433,-2.87911E+16,-183981.826,5.69013451,10.41959433,,,,,,,
600000000,59840000,10.51075511,-4.97511E+16,-220781.5619,5.69060045,10.51075511,,,,,,,
700000000,69280000,10.58783045,-7.9003E+16,-257581.337,5.690962667,10.58783045,,,,,,,
800000000,78650000,10.65459614,-1.17929E+17,-294381.1412,5.6912547,10.65459614,,,,,,,
900000000,87970000,10.71348766,-1.6791E+17,-331180.9675,5.691496633,10.71348766,, ,,,,,
1000000000,97250000,10.76616792,-2.3033E+17,-367980.8115,5.691701328,10.76616792,,,,,,,
1500000000,142900000,10.96890047,-7.77363E+17,-551980.2053,5.692395922,10.96890047,,,,,,,
2000000000,188000000,11.11274151,-1.84264E+18,-735979.7694,5.692810119,11.11274151,,,,,,,
2500000000,232800000,11.22431328,-3.59891E+18,-919979.428,5.69309284,11.22431328,,,,,,,
3000000000,277100000,11.31547406,-6.21891E+18,-1103979.147,5.693301566,11.31547406,,,,,,,
4000000000,364500000,11.4593151,-1.47411E+19,-1471978.699,5.693594595,11.4593151,,,,,,,
5000000000,451000000,11.57088687,-2.87913E+19,-1839978.349,5.693794598,11.57088687,,,,,,,
6000000000,536800000,11.66204765,-4.97513E+19,-2207978.061,5.693942248,11.66204765,,,,,,,
7000000000,622000000,11.73912299,-7.90032E+19,-2575977.816,5.694057012,11.73912299,,,,,,,
8000000000,706600000,11.80588869,-1.17929E+20,-2943977.602,5.694149525,11.80588869,,,,,,,
9000000000,790900000,11.86478021,-1.67911E+20,-3311977.413,5.694226159,11.86478021,,,,,,,
10000000000,874700000,11.91746046,-2.3033E+20,-3679977.243,5.694290992,11.91746046,,,,,,,
15000000000,1288000000,12.12019302,-7.77364E+20,-5519976.583,5.69451095,12.12019302,,,,,,,
20000000000,1697000000,12.26403406,-1.84264E+21,-7359976.109,5.694642085,12.26403406,,,,,,,
25000000000,2103000000,12.37560583,-3.59891E+21,-9199975.738,5.694731582,12.37560583,,,,,,,
30000000000,2505000000,12.46676661,-6.21891E+21,-11039975.43,5.694797648,12.46676661,,,,,,,
40000000000,3299000000,12.61060765,-1.47411E+22,-14719974.95,5.694890389,12.61060765,,,,,,,
50000000000,4087000000,12.72217942,-2.87913E+22,-18399974.57,5.694953682,12.72217942,,,,,,,
60000000000,4868000000,12.8133402,-4.97513E+22,-22079974.25,5.695000404,12.8133402,,,,,,,
70000000000,5643000000,12.89041554,-7.90032E+22,-25759973.99,5.695036717,12.89041554,,,,,,,
80000000000,6414000000,12.95718124,-1.17929E+23,-29439973.76,5.695065989,12.95718124,,,,,,,
90000000000,7183000000,13.01607275,-1.67911E+23,-33119973.55,5.695090236,13.01607275,,,,,,,
1E+11,7948000000,13.06875301,-2.3033E+23,-36799973.37,5.695110748,13.06875301,,,,,,,
1.5E+11,11700000000,13.27148557,-7.77364E+23,-55199972.65,5.695180336,13.27148557,,,,,,,
2E+11,15500000000,13.4153266,-1.84264E+24,-73599972.14,5.695221819,13.4153266,,,,,,,
2.5E+11,19200000000,13.52689838,-3.59891E+24,-91999971.74,5.69525013,13.52689838,,,,,,,
3E+11,22900000000,13.61805916,-6.21891E+24,-110399971.4,5.695271028,13.61805916,,,,,,,
4E+11,30200000000,13.76190019,-1.47411E+25,-147199970.9,5.695300363,13.76190019,,,,,,,
5E+11,37500000000,13.87347197,-2.87913E+25,-183999970.5,5.695320383,13.87347197,,,,,,,
6E+11,44700000000,13.96463275,-4.97513E+25,-220799970.1,5.695335161,13.96463275,,,,,,,
7E+11,51900000000,14.04170809,-7.90032E+25,-257599969.9,5.695346646,14.04170809,,,,,,,
8E+11,58900000000,14.10847378,-1.17929E+26,-294399969.6,5.695355904,14.10847378,,,,,,,
9E+11,65800000000,14.1673653,-1.67911E+26,-331199969.4,5.695363573,14.1673653,,,,,,,
1E+12,72800000000,14.22004556,-2.3033E+26,-367999969.2,5.695370061,14.22004556,,,,,,,
1.5E+12,1.08E+11,14.42277811,-7.77364E+26,-551999968.4,5.695392069,14.42277811,,,,,,,
2E+12,1.42E+11,14.56661915,-1.84264E+27,-735999967.9,5.695405189,14.56661915,,,,,,,
